strategy,rule_set,windows,pass_%,fail_daily_%,fail_total_%,fail_target_%,median_days_to_pass,median_max_dd_%,leverage
4h_DualMom_30_90,HyroTrader 25k 1-step,340,37.6,22.1,10.9,20.3,12,-1.74,1
4h_Supertrend_LO,HyroTrader 25k 1-step,340,35.9,25.0,18.8,19.4,10,-2.2,1
4h_EMA200_filter,HyroTrader 25k 1-step,340,38.2,24.4,15.6,10.6,10,-2.01,1
4h_Weekend,HyroTrader 25k 1-step,340,32.9,32.9,18.5,15.6,12,-2.24,1
4h_Turtle_LO,HyroTrader 25k 1-step,340,35.3,24.4,18.2,21.8,10,-2.21,1
1h_OR_Breakout_LO,HyroTrader 25k 1-step,340,30.3,16.8,24.1,28.8,13,-2.84,1
1h_OR_Breakout_LS,HyroTrader 25k 1-step,340,32.1,39.4,20.0,8.5,10,-3.04,1
1h_VolFilt_Donchian,HyroTrader 25k 1-step,340,35.0,35.9,14.1,15.0,14,-2.88,1
1h_VolFilt_Donchian_LO,HyroTrader 25k 1-step,340,32.1,24.1,19.1,23.2,13,-2.3,1
1h_Session_US,HyroTrader 25k 1-step,340,40.3,36.2,17.1,6.5,8,-2.39,1
1h_Weekend,HyroTrader 25k 1-step,340,32.9,34.7,17.9,14.4,12,-2.47,1
1h_BuyAndHold,HyroTrader 25k 1-step,340,33.2,45.6,16.2,5.0,7,-2.53,1
4h_BuyAndHold,HyroTrader 25k 1-step,340,37.9,35.0,20.6,6.5,8,-2.4,1
4h_DualMom_30_90,HyroTrader 25k 1-step,340,34.1,38.8,15.6,3.8,9,-1.88,2
4h_Supertrend_LO,HyroTrader 25k 1-step,340,33.2,45.9,16.2,4.1,9,-2.3,2
4h_EMA200_filter,HyroTrader 25k 1-step,340,30.6,43.5,15.0,2.4,7,-2.06,2
4h_Weekend,HyroTrader 25k 1-step,340,32.9,50.9,15.0,1.2,10,-1.8,2
4h_Turtle_LO,HyroTrader 25k 1-step,340,32.9,43.8,18.5,4.7,9,-2.46,2
1h_OR_Breakout_LO,HyroTrader 25k 1-step,340,40.6,35.3,19.7,4.4,10,-2.76,2
1h_OR_Breakout_LS,HyroTrader 25k 1-step,340,25.9,57.9,15.3,0.9,7,-2.84,2
1h_VolFilt_Donchian,HyroTrader 25k 1-step,340,23.5,57.9,17.1,1.5,9,-2.72,2
1h_VolFilt_Donchian_LO,HyroTrader 25k 1-step,340,25.3,53.2,14.7,5.3,12,-2.62,2
1h_Session_US,HyroTrader 25k 1-step,340,28.2,57.1,14.7,0.0,6,-2.37,2
1h_Weekend,HyroTrader 25k 1-step,340,27.9,61.5,9.7,0.9,9,-2.23,2
1h_BuyAndHold,HyroTrader 25k 1-step,340,30.9,54.7,12.4,2.1,6,-2.42,2
4h_BuyAndHold,HyroTrader 25k 1-step,340,34.7,45.6,17.1,2.6,7,-2.24,2
4h_DualMom_30_90,HyroTrader 25k 1-step,340,25.3,54.7,12.6,0.0,8,-1.81,3
4h_Supertrend_LO,HyroTrader 25k 1-step,340,21.5,60.3,15.9,2.4,7,-2.08,3
4h_EMA200_filter,HyroTrader 25k 1-step,340,26.5,49.7,17.4,0.3,7,-1.56,3
4h_Weekend,HyroTrader 25k 1-step,340,23.5,67.1,9.4,0.0,10,-1.36,3
4h_Turtle_LO,HyroTrader 25k 1-step,340,20.6,58.8,19.1,1.5,7,-2.27,3
1h_OR_Breakout_LO,HyroTrader 25k 1-step,340,30.0,55.3,13.2,1.5,9,-2.82,3
1h_OR_Breakout_LS,HyroTrader 25k 1-step,340,18.8,69.4,11.5,0.3,7,-2.86,3
1h_VolFilt_Donchian,HyroTrader 25k 1-step,340,17.6,69.4,12.6,0.3,8,-2.76,3
1h_VolFilt_Donchian_LO,HyroTrader 25k 1-step,340,19.7,63.8,12.9,2.1,12,-2.8,3
1h_Session_US,HyroTrader 25k 1-step,340,17.4,72.6,10.0,0.0,6,-2.44,3
1h_Weekend,HyroTrader 25k 1-step,340,20.9,75.3,3.8,0.0,8,-2.24,3
1h_BuyAndHold,HyroTrader 25k 1-step,340,31.5,53.2,12.9,2.4,6,-2.5,3
4h_BuyAndHold,HyroTrader 25k 1-step,340,37.4,42.4,16.8,3.5,7,-2.24,3
4h_DualMom_30_90,HyroTrader 25k 1-step,340,14.1,64.7,17.6,0.0,7,-1.2,5
4h_Supertrend_LO,HyroTrader 25k 1-step,340,15.0,67.9,17.1,0.0,7,-1.16,5
4h_EMA200_filter,HyroTrader 25k 1-step,340,16.2,61.8,16.8,0.0,6,-1.18,5
4h_Weekend,HyroTrader 25k 1-step,340,13.5,77.9,8.5,0.0,9,-0.37,5
4h_Turtle_LO,HyroTrader 25k 1-step,340,12.4,72.4,14.7,0.6,6,-1.44,5
1h_OR_Breakout_LO,HyroTrader 25k 1-step,340,20.3,68.5,11.2,0.0,8,-2.56,5
1h_OR_Breakout_LS,HyroTrader 25k 1-step,340,9.7,84.1,6.2,0.0,6,-2.38,5
1h_VolFilt_Donchian,HyroTrader 25k 1-step,340,4.4,88.2,7.4,0.0,6,-2.38,5
1h_VolFilt_Donchian_LO,HyroTrader 25k 1-step,340,8.5,82.4,7.9,0.3,13,-2.67,5
1h_Session_US,HyroTrader 25k 1-step,340,6.5,84.7,8.8,0.0,6,-2.32,5
1h_Weekend,HyroTrader 25k 1-step,340,11.5,85.9,2.6,0.0,8,-2.12,5
1h_BuyAndHold,HyroTrader 25k 1-step,340,29.7,57.1,11.5,1.8,6,-2.44,5
4h_BuyAndHold,HyroTrader 25k 1-step,340,35.6,45.0,16.8,2.6,7,-2.16,5
4h_DualMom_30_90,FundedNext Crypto 2-step P1,340,52.9,14.7,2.4,30.0,9,-1.69,1
4h_Supertrend_LO,FundedNext Crypto 2-step P1,340,49.7,18.8,9.1,22.4,8,-2.18,1
4h_EMA200_filter,FundedNext Crypto 2-step P1,340,51.2,17.4,7.1,24.4,8,-1.88,1
4h_Weekend,FundedNext Crypto 2-step P1,340,47.9,31.2,6.8,14.1,10,-2.22,1
4h_Turtle_LO,FundedNext Crypto 2-step P1,340,50.0,17.9,3.2,28.8,8,-2.19,1
1h_OR_Breakout_LO,FundedNext Crypto 2-step P1,340,43.8,14.7,7.9,33.5,12,-2.76,1
1h_OR_Breakout_LS,FundedNext Crypto 2-step P1,340,45.0,35.0,4.7,15.3,8,-2.92,1
1h_VolFilt_Donchian,FundedNext Crypto 2-step P1,340,57.9,23.8,5.0,13.2,9,-2.72,1
1h_VolFilt_Donchian_LO,FundedNext Crypto 2-step P1,340,46.8,21.2,5.0,27.1,10,-2.11,1
1h_Session_US,FundedNext Crypto 2-step P1,340,56.2,30.0,3.2,10.6,7,-2.37,1
1h_Weekend,FundedNext Crypto 2-step P1,340,48.2,35.0,3.8,12.9,9,-2.46,1
1h_BuyAndHold,FundedNext Crypto 2-step P1,340,48.2,44.4,3.5,3.8,6,-2.39,1
4h_BuyAndHold,FundedNext Crypto 2-step P1,340,51.8,34.4,7.4,6.5,7,-2.34,1
4h_DualMom_30_90,FundedNext Crypto 2-step P1,340,56.5,25.3,5.9,12.4,6,-1.79,2
4h_Supertrend_LO,FundedNext Crypto 2-step P1,340,52.6,35.9,5.6,5.9,6,-2.3,2
4h_EMA200_filter,FundedNext Crypto 2-step P1,340,55.3,29.4,2.4,12.9,6,-2.04,2
4h_Weekend,FundedNext Crypto 2-step P1,340,51.2,41.2,5.6,2.1,5,-1.77,2
4h_Turtle_LO,FundedNext Crypto 2-step P1,340,54.1,33.8,4.7,7.4,6,-2.44,2
1h_OR_Breakout_LO,FundedNext Crypto 2-step P1,340,57.1,29.1,6.5,7.4,6,-2.72,2
1h_OR_Breakout_LS,FundedNext Crypto 2-step P1,340,60.6,35.3,3.5,0.6,3,-2.74,2
1h_VolFilt_Donchian,FundedNext Crypto 2-step P1,340,57.6,34.4,5.0,2.9,5,-2.34,2
1h_VolFilt_Donchian_LO,FundedNext Crypto 2-step P1,340,48.5,38.8,5.0,7.6,6,-2.46,2
1h_Session_US,FundedNext Crypto 2-step P1,340,58.5,39.1,1.8,0.6,3,-2.16,2
1h_Weekend,FundedNext Crypto 2-step P1,340,50.3,46.2,3.2,0.3,5,-2.18,2
1h_BuyAndHold,FundedNext Crypto 2-step P1,340,47.6,47.4,3.2,1.8,4,-2.34,2
4h_BuyAndHold,FundedNext Crypto 2-step P1,340,50.9,39.4,6.2,3.5,4,-2.21,2
4h_DualMom_30_90,FundedNext Crypto 2-step P1,340,56.2,34.1,2.6,7.1,5,-1.81,3
4h_Supertrend_LO,FundedNext Crypto 2-step P1,340,47.1,42.9,7.9,2.1,3,-2.0,3
4h_EMA200_filter,FundedNext Crypto 2-step P1,340,51.5,35.3,3.2,10.0,4,-1.52,3
4h_Weekend,FundedNext Crypto 2-step P1,340,47.4,49.1,3.5,0.0,4,-1.25,3
4h_Turtle_LO,FundedNext Crypto 2-step P1,340,50.3,42.1,6.2,1.5,4,-2.16,3
1h_OR_Breakout_LO,FundedNext Crypto 2-step P1,340,52.9,40.9,5.0,1.2,4,-2.74,3
1h_OR_Breakout_LS,FundedNext Crypto 2-step P1,340,52.9,44.7,2.4,0.0,2,-2.74,3
1h_VolFilt_Donchian,FundedNext Crypto 2-step P1,340,53.2,41.8,4.1,0.9,3,-2.46,3
1h_VolFilt_Donchian_LO,FundedNext Crypto 2-step P1,340,46.5,46.8,2.6,4.1,4,-2.68,3
1h_Session_US,FundedNext Crypto 2-step P1,340,52.9,44.7,2.4,0.0,2,-2.34,3
1h_Weekend,FundedNext Crypto 2-step P1,340,47.1,52.4,0.6,0.0,3,-2.19,3
1h_BuyAndHold,FundedNext Crypto 2-step P1,340,47.6,47.4,3.2,1.8,4,-2.38,3
4h_BuyAndHold,FundedNext Crypto 2-step P1,340,52.1,37.9,6.2,3.8,5,-2.22,3
4h_DualMom_30_90,FundedNext Crypto 2-step P1,340,54.7,36.2,4.7,4.4,3,-0.66,5
4h_Supertrend_LO,FundedNext Crypto 2-step P1,340,47.4,45.9,6.8,0.0,3,-0.91,5
4h_EMA200_filter,FundedNext Crypto 2-step P1,340,46.8,41.2,6.2,5.9,3,-1.15,5
4h_Weekend,FundedNext Crypto 2-step P1,340,47.1,50.0,2.9,0.0,3,-0.24,5
4h_Turtle_LO,FundedNext Crypto 2-step P1,340,45.9,46.8,6.8,0.6,3,-1.28,5
1h_OR_Breakout_LO,FundedNext Crypto 2-step P1,340,47.6,48.8,3.5,0.0,2,-2.43,5
1h_OR_Breakout_LS,FundedNext Crypto 2-step P1,340,45.6,53.5,0.9,0.0,1,-2.22,5
1h_VolFilt_Donchian,FundedNext Crypto 2-step P1,340,46.8,50.3,2.9,0.0,2,-2.01,5
1h_VolFilt_Donchian_LO,FundedNext Crypto 2-step P1,340,49.1,47.9,1.8,1.2,4,-2.26,5
1h_Session_US,FundedNext Crypto 2-step P1,340,49.1,49.7,1.2,0.0,1,-2.01,5
1h_Weekend,FundedNext Crypto 2-step P1,340,45.3,53.8,0.9,0.0,2,-2.0,5
1h_BuyAndHold,FundedNext Crypto 2-step P1,340,47.4,48.8,2.6,1.2,4,-2.38,5
4h_BuyAndHold,FundedNext Crypto 2-step P1,340,51.5,38.8,6.2,3.5,4,-2.13,5
4h_DualMom_30_90,Apex-style strict,340,45.3,28.8,7.4,18.5,8,-1.16,1
4h_Supertrend_LO,Apex-style strict,340,40.3,39.4,9.4,10.9,7,-1.38,1
4h_EMA200_filter,Apex-style strict,340,43.2,34.4,5.3,17.1,7,-1.3,1
4h_Weekend,Apex-style strict,340,36.2,50.0,10.3,3.5,9,-1.14,1
4h_Turtle_LO,Apex-style strict,340,42.6,36.8,7.9,12.6,8,-1.34,1
1h_OR_Breakout_LO,Apex-style strict,340,34.1,39.1,10.9,15.9,10,-1.9,1
1h_OR_Breakout_LS,Apex-style strict,340,31.2,52.9,12.9,2.9,6,-2.0,1
1h_VolFilt_Donchian,Apex-style strict,340,44.1,42.9,9.1,3.8,8,-1.67,1
1h_VolFilt_Donchian_LO,Apex-style strict,340,37.4,40.6,9.4,12.6,8,-1.55,1
1h_Session_US,Apex-style strict,340,40.9,52.1,5.9,1.2,4,-1.47,1
1h_Weekend,Apex-style strict,340,35.6,55.3,5.6,3.5,8,-1.4,1
1h_BuyAndHold,Apex-style strict,340,37.9,56.8,4.1,1.2,4,-1.3,1
4h_BuyAndHold,Apex-style strict,340,40.3,50.3,7.4,2.1,5,-1.23,1
4h_DualMom_30_90,Apex-style strict,340,43.8,40.6,9.1,6.5,5,-0.85,2
4h_Supertrend_LO,Apex-style strict,340,35.3,51.5,10.9,2.4,4,-0.94,2
4h_EMA200_filter,Apex-style strict,340,37.6,45.0,10.3,7.1,4,-0.7,2
4h_Weekend,Apex-style strict,340,39.7,56.2,4.1,0.0,4,-0.74,2
4h_Turtle_LO,Apex-style strict,340,39.1,50.0,9.4,1.5,4,-1.31,2
1h_OR_Breakout_LO,Apex-style strict,340,41.2,46.8,9.4,2.6,4,-1.88,2
1h_OR_Breakout_LS,Apex-style strict,340,39.1,55.6,5.0,0.3,3,-1.64,2
1h_VolFilt_Donchian,Apex-style strict,340,41.2,51.2,6.8,0.9,3,-1.58,2
1h_VolFilt_Donchian_LO,Apex-style strict,340,37.4,51.8,7.1,3.8,6,-1.65,2
1h_Session_US,Apex-style strict,340,40.6,56.2,3.2,0.0,2,-1.53,2
1h_Weekend,Apex-style strict,340,38.2,61.2,0.6,0.0,4,-1.44,2
1h_BuyAndHold,Apex-style strict,340,35.3,60.0,4.1,0.6,3,-1.16,2
4h_BuyAndHold,Apex-style strict,340,39.1,53.8,5.9,1.2,4,-1.1,2
4h_DualMom_30_90,Apex-style strict,340,44.4,42.9,7.9,4.7,4,-0.46,3
4h_Supertrend_LO,Apex-style strict,340,37.6,50.3,12.1,0.0,3,-0.62,3
4h_EMA200_filter,Apex-style strict,340,36.8,47.6,9.4,6.2,3,-0.3,3
4h_Weekend,Apex-style strict,340,36.8,58.8,4.4,0.0,3,-0.2,3
4h_Turtle_LO,Apex-style strict,340,39.1,48.2,12.1,0.6,3,-0.77,3
1h_OR_Breakout_LO,Apex-style strict,340,36.8,58.5,4.1,0.6,3,-1.54,3
1h_OR_Breakout_LS,Apex-style strict,340,34.4,62.4,3.2,0.0,2,-1.37,3
1h_VolFilt_Donchian,Apex-style strict,340,39.1,57.6,3.2,0.0,2,-1.34,3
1h_VolFilt_Donchian_LO,Apex-style strict,340,35.3,58.8,4.1,1.8,4,-1.47,3
1h_Session_US,Apex-style strict,340,36.2,61.8,2.1,0.0,2,-1.36,3
1h_Weekend,Apex-style strict,340,37.9,60.6,1.5,0.0,3,-1.3,3
1h_BuyAndHold,Apex-style strict,340,35.3,60.3,3.8,0.6,3,-1.19,3
4h_BuyAndHold,Apex-style strict,340,38.5,54.4,5.9,1.2,4,-1.12,3
4h_DualMom_30_90,Apex-style strict,340,47.1,37.1,12.4,3.5,3,0.0,5
4h_Supertrend_LO,Apex-style strict,340,38.2,50.9,10.9,0.0,2,0.0,5
4h_EMA200_filter,Apex-style strict,340,37.9,45.3,10.9,5.9,3,0.0,5
4h_Weekend,Apex-style strict,340,38.8,56.5,4.7,0.0,2,0.0,5
4h_Turtle_LO,Apex-style strict,340,36.8,52.1,11.2,0.0,3,0.0,5
1h_OR_Breakout_LO,Apex-style strict,340,32.9,64.4,2.6,0.0,2,-1.27,5
1h_OR_Breakout_LS,Apex-style strict,340,35.0,65.0,0.0,0.0,1,-1.13,5
1h_VolFilt_Donchian,Apex-style strict,340,36.8,61.2,2.1,0.0,2,-0.59,5
1h_VolFilt_Donchian_LO,Apex-style strict,340,36.8,60.0,2.6,0.6,3,-0.94,5
1h_Session_US,Apex-style strict,340,37.9,61.2,0.9,0.0,1,-1.08,5
1h_Weekend,Apex-style strict,340,30.9,68.5,0.6,0.0,2,-0.86,5
1h_BuyAndHold,Apex-style strict,340,36.5,59.1,4.1,0.3,3,-1.18,5
4h_BuyAndHold,Apex-style strict,340,39.4,53.5,5.9,1.2,4,-1.1,5
4h_DualMom_30_90,BFG-style lenient,340,37.6,24.7,4.4,24.1,12,-3.96,1
4h_Supertrend_LO,BFG-style lenient,340,36.5,26.8,15.0,20.6,11,-4.69,1
4h_EMA200_filter,BFG-style lenient,340,37.9,24.4,13.2,12.1,10,-4.09,1
4h_Weekend,BFG-style lenient,340,33.5,37.1,10.3,19.1,12,-4.54,1
4h_Turtle_LO,BFG-style lenient,340,36.8,26.2,7.4,28.8,10,-4.51,1
1h_OR_Breakout_LO,BFG-style lenient,340,30.9,18.2,16.2,34.7,13,-5.6,1
1h_OR_Breakout_LS,BFG-style lenient,340,32.9,39.7,15.6,11.8,10,-6.38,1
1h_VolFilt_Donchian,BFG-style lenient,340,34.1,33.2,18.2,14.4,14,-6.2,1
1h_VolFilt_Donchian_LO,BFG-style lenient,340,34.4,25.6,11.8,26.5,14,-5.4,1
1h_Session_US,BFG-style lenient,340,41.2,36.8,12.6,9.4,8,-5.58,1
1h_Weekend,BFG-style lenient,340,33.2,41.2,8.8,16.8,13,-5.16,1
1h_BuyAndHold,BFG-style lenient,340,35.3,48.8,10.3,5.6,7,-5.29,1
4h_BuyAndHold,BFG-style lenient,340,39.1,38.5,14.1,8.2,8,-5.0,1
4h_DualMom_30_90,BFG-style lenient,340,35.6,40.9,9.1,6.8,10,-4.98,2
4h_Supertrend_LO,BFG-style lenient,340,33.2,50.3,10.9,4.7,9,-5.12,2
4h_EMA200_filter,BFG-style lenient,340,32.6,45.0,8.2,3.8,7,-4.79,2
4h_Weekend,BFG-style lenient,340,32.4,54.1,12.1,1.5,10,-4.61,2
4h_Turtle_LO,BFG-style lenient,340,33.2,46.5,12.1,7.9,9,-5.36,2
1h_OR_Breakout_LO,BFG-style lenient,340,40.6,35.9,17.6,5.9,10,-5.53,2
1h_OR_Breakout_LS,BFG-style lenient,340,27.1,56.8,15.3,0.9,8,-6.14,2
1h_VolFilt_Donchian,BFG-style lenient,340,22.9,49.7,24.7,2.6,9,-6.88,2
1h_VolFilt_Donchian_LO,BFG-style lenient,340,23.2,50.3,18.8,5.9,12,-5.91,2
1h_Session_US,BFG-style lenient,340,27.4,56.2,16.5,0.0,6,-6.03,2
1h_Weekend,BFG-style lenient,340,27.4,63.2,8.5,0.9,9,-5.32,2
1h_BuyAndHold,BFG-style lenient,340,31.8,56.2,10.3,1.8,7,-5.44,2
4h_BuyAndHold,BFG-style lenient,340,35.0,49.4,12.1,3.5,7,-5.04,2
4h_DualMom_30_90,BFG-style lenient,340,26.2,52.1,14.1,0.3,9,-4.6,3
4h_Supertrend_LO,BFG-style lenient,340,21.2,62.4,14.7,1.5,7,-5.06,3
4h_EMA200_filter,BFG-style lenient,340,29.1,52.1,7.9,1.5,7,-4.55,3
4h_Weekend,BFG-style lenient,340,23.5,67.1,9.4,0.0,9,-4.38,3
4h_Turtle_LO,BFG-style lenient,340,20.6,62.1,15.6,1.5,7,-5.44,3
1h_OR_Breakout_LO,BFG-style lenient,340,29.1,51.8,17.4,1.8,10,-5.72,3
1h_OR_Breakout_LS,BFG-style lenient,340,19.1,64.4,16.2,0.3,7,-5.81,3
1h_VolFilt_Donchian,BFG-style lenient,340,15.0,56.5,27.9,0.6,9,-6.3,3
1h_VolFilt_Donchian_LO,BFG-style lenient,340,17.6,59.7,18.5,2.4,13,-6.1,3
1h_Session_US,BFG-style lenient,340,15.6,68.2,16.2,0.0,6,-5.97,3
1h_Weekend,BFG-style lenient,340,17.1,70.0,12.9,0.0,8,-5.2,3
1h_BuyAndHold,BFG-style lenient,340,32.1,55.6,10.3,2.1,7,-5.32,3
4h_BuyAndHold,BFG-style lenient,340,37.4,45.3,12.9,4.4,7,-4.9,3
4h_DualMom_30_90,BFG-style lenient,340,13.2,64.1,17.4,0.3,8,-5.34,5
4h_Supertrend_LO,BFG-style lenient,340,14.1,70.9,15.0,0.0,6,-4.84,5
4h_EMA200_filter,BFG-style lenient,340,16.5,61.8,14.7,0.3,6,-4.96,5
4h_Weekend,BFG-style lenient,340,12.4,74.4,13.2,0.0,9,-4.34,5
4h_Turtle_LO,BFG-style lenient,340,10.3,69.7,20.0,0.0,6,-4.73,5
1h_OR_Breakout_LO,BFG-style lenient,340,17.9,65.0,17.1,0.0,8,-5.98,5
1h_OR_Breakout_LS,BFG-style lenient,340,8.8,72.9,18.2,0.0,6,-5.89,5
1h_VolFilt_Donchian,BFG-style lenient,340,3.5,71.5,25.0,0.0,6,-6.27,5
1h_VolFilt_Donchian_LO,BFG-style lenient,340,7.1,69.1,22.4,0.3,12,-6.94,5
1h_Session_US,BFG-style lenient,340,5.0,74.7,20.3,0.0,6,-6.36,5
1h_Weekend,BFG-style lenient,340,9.4,74.1,16.5,0.0,8,-5.59,5
1h_BuyAndHold,BFG-style lenient,340,30.3,58.2,10.0,1.5,6,-5.43,5
4h_BuyAndHold,BFG-style lenient,340,35.9,47.9,12.6,3.5,7,-4.97,5
