tf,strategy,trades,tot_ret_%,cagr_%,sharpe,sortino,max_dd_%,win_%,avg_trade_%,pf,exposure,split
1h_IS,Supertrend_10_3_LO,179,493.6,144.1,1.71,1.56,-54.4,43.0,1.202,1.73,54.0,IS
1h_IS,SMA_50_200_LO,47,434.7,131.6,1.6,1.46,-55.2,40.4,5.352,2.71,55.7,IS
1h_IS,Mom_ROC_90_LO,350,405.8,125.3,1.56,1.45,-52.7,30.9,0.61,1.63,56.6,IS
1h_IS,EMA200_filter,292,316.0,104.3,1.42,1.31,-49.4,12.7,0.674,1.69,56.7,IS
1h_IS,Keltner_BO_LO,100,246.5,86.4,1.35,1.14,-53.7,45.0,1.535,1.78,50.3,IS
1h_IS,Mom_ROC_90,698,326.3,106.8,1.25,1.6,-50.3,28.2,0.318,1.33,99.5,IS
1h_IS,SMA_50_200,95,302.7,101.0,1.22,1.54,-50.2,37.9,2.575,1.75,98.9,IS
1h_IS,BuyAndHold,1,310.1,102.8,1.21,1.49,-83.7,100.0,310.067,999.0,100.0,IS
1h_IS,Supertrend_10_3,358,296.7,99.5,1.21,1.54,-55.4,39.4,0.59,1.3,100.0,IS
1h_IS,Donchian_Volume,242,262.3,90.6,1.2,1.28,-52.4,39.3,0.767,1.38,75.3,IS
1h_IS,Turtle_20_10_LO,230,162.6,62.2,1.14,0.88,-62.4,41.7,0.527,1.4,41.1,IS
1h_IS,Weekend_Effect,105,161.1,61.7,1.02,0.97,-40.7,58.1,1.227,1.52,57.2,IS
1h_IS,BuyTheDip_Connors,173,52.7,23.6,0.97,0.25,-21.2,69.4,0.263,1.56,5.4,IS
1h_IS,DualMomentum_30_90,563,106.7,43.9,0.94,0.74,-56.4,30.7,0.182,1.25,39.9,IS
1h_IS,Trend_Plus_Dip,54,38.8,17.8,0.82,0.27,-35.0,46.3,0.702,1.48,7.4,IS
1h_IS,Turtle_55_20,340,58.5,26.0,0.72,0.89,-68.3,38.2,0.363,1.16,99.6,IS
1h_IS,Turtle_20_10,648,-62.7,-39.0,-0.04,-0.05,-87.6,35.5,-0.047,0.97,99.9,IS
1h_IS,RSI_30_70,236,-92.1,-72.0,-1.39,-1.14,-93.6,54.2,-0.94,0.55,36.9,IS
1h_IS,USSession_EMA50,1148,-93.2,-74.0,-1.84,-1.38,-93.7,37.6,-0.202,0.77,37.5,IS
1h_IS,LarryWilliams_VBO,3171,-99.9,-96.7,-7.43,-5.02,-99.9,30.6,-0.208,0.52,21.4,IS
1h_OOS,Weekend_Effect,52,156.0,156.8,2.21,2.23,-26.7,55.8,2.061,2.32,57.1,OOS
1h_OOS,Keltner_BO_LO,48,83.5,83.9,1.48,1.34,-26.0,35.4,1.631,1.85,51.9,OOS
1h_OOS,BuyAndHold,1,89.2,89.6,1.29,1.59,-52.1,100.0,89.154,999.0,100.0,OOS
1h_OOS,SMA_50_200_LO,28,58.9,59.1,1.2,1.0,-39.0,39.3,2.222,1.96,49.8,OOS
1h_OOS,Turtle_20_10_LO,111,33.8,33.9,0.88,0.72,-40.6,34.2,0.356,1.29,38.8,OOS
1h_OOS,EMA200_filter,174,23.4,23.5,0.67,0.62,-49.7,10.3,0.212,1.32,53.0,OOS
1h_OOS,Supertrend_10_3_LO,101,21.6,21.7,0.64,0.6,-37.9,32.7,0.314,1.2,51.2,OOS
1h_OOS,SMA_50_200,55,21.1,21.1,0.62,0.69,-44.2,36.4,0.801,1.32,97.7,OOS
1h_OOS,Mom_ROC_90_LO,183,13.8,13.9,0.51,0.45,-39.6,22.4,0.145,1.17,51.7,OOS
1h_OOS,Donchian_Volume,120,0.1,0.1,0.29,0.3,-47.7,32.5,0.172,1.1,71.2,OOS
1h_OOS,Turtle_20_10,308,-12.3,-12.3,0.13,0.17,-49.7,31.2,0.023,1.02,99.7,OOS
1h_OOS,DualMomentum_30_90,287,-16.5,-16.6,-0.2,-0.16,-33.1,21.6,-0.028,0.96,36.0,OOS
1h_OOS,Supertrend_10_3,202,-34.0,-34.1,-0.32,-0.42,-52.9,31.2,-0.106,0.94,100.0,OOS
1h_OOS,Mom_ROC_90,365,-39.9,-40.0,-0.47,-0.56,-47.6,20.8,-0.083,0.9,99.0,OOS
1h_OOS,BuyTheDip_Connors,76,-10.5,-10.5,-0.58,-0.13,-13.0,57.9,-0.136,0.72,4.9,OOS
1h_OOS,Trend_Plus_Dip,26,-8.5,-8.6,-0.64,-0.14,-15.2,26.9,-0.307,0.75,4.4,OOS
1h_OOS,Turtle_55_20,177,-61.0,-61.1,-1.12,-1.36,-68.3,29.4,-0.384,0.8,99.0,OOS
1h_OOS,USSession_EMA50,620,-58.1,-58.2,-1.69,-1.37,-62.3,32.3,-0.126,0.78,37.5,OOS
1h_OOS,RSI_30_70,122,-65.5,-65.7,-1.77,-1.18,-73.7,60.7,-0.758,0.58,37.1,OOS
1h_OOS,LarryWilliams_VBO,1534,-90.3,-90.4,-7.27,-5.65,-90.4,24.4,-0.149,0.52,20.7,OOS
4h_IS,Keltner_BO_LO,21,993.8,231.5,2.32,2.17,-43.6,52.4,15.582,6.29,53.7,IS
4h_IS,DualMomentum_30_90,100,663.8,176.9,2.19,1.85,-34.5,33.0,2.809,3.24,41.5,IS
4h_IS,Mom_ROC_90_LO,67,502.8,146.0,1.75,1.64,-63.2,29.9,4.036,3.44,55.9,IS
4h_IS,SMA_50_200_LO,12,393.6,122.5,1.54,1.37,-61.7,41.7,25.82,6.28,52.0,IS
4h_IS,Supertrend_10_3_LO,49,266.3,91.7,1.41,1.28,-45.7,49.0,3.429,2.08,52.3,IS
4h_IS,Mom_ROC_90,134,390.1,121.8,1.38,1.72,-62.7,31.3,2.014,2.0,97.9,IS
4h_IS,EMA200_filter,76,282.2,95.8,1.35,1.25,-70.3,14.5,3.044,2.66,55.1,IS
4h_IS,SMA_50_200,23,339.6,110.0,1.31,1.59,-59.1,39.1,13.689,3.22,95.5,IS
4h_IS,BuyAndHold,1,304.5,101.4,1.21,1.57,-83.7,100.0,304.502,999.0,100.0,IS
4h_IS,Turtle_20_10_LO,56,165.3,63.0,1.15,0.95,-54.4,51.8,2.262,1.74,45.0,IS
4h_IS,Donchian_Volume,60,201.4,73.8,1.11,1.21,-59.3,48.3,3.122,1.78,72.2,IS
4h_IS,Turtle_20_10,153,185.5,69.1,1.04,1.35,-54.4,41.8,1.151,1.37,99.5,IS
4h_IS,Weekend_Effect,105,120.9,48.8,0.92,0.9,-49.4,58.1,1.11,1.43,57.2,IS
4h_IS,USSession_EMA50,776,95.2,39.8,0.9,0.77,-36.2,47.7,0.117,1.15,33.3,IS
4h_IS,Turtle_55_20,83,119.2,48.2,0.89,1.17,-70.0,44.6,2.224,1.51,98.6,IS
4h_IS,Supertrend_10_3,97,70.7,30.7,0.74,0.96,-59.9,43.3,1.287,1.32,100.0,IS
4h_IS,BuyTheDip_Connors,51,-20.1,-10.7,-0.19,-0.06,-32.2,66.7,-0.312,0.83,6.9,IS
4h_IS,Trend_Plus_Dip,18,-46.4,-26.8,-1.03,-0.28,-53.3,16.7,-2.947,0.43,5.5,IS
4h_IS,RSI_30_70,64,-89.8,-68.1,-1.08,-1.03,-91.8,43.8,-3.063,0.34,44.6,IS
4h_IS,LarryWilliams_VBO,757,-65.0,-40.9,-1.17,-0.81,-74.9,39.0,-0.119,0.83,20.3,IS
4h_OOS,Weekend_Effect,52,171.9,172.8,2.35,2.57,-21.2,53.8,2.171,2.41,57.1,OOS
4h_OOS,EMA200_filter,28,131.5,132.2,1.87,1.89,-33.9,25.0,4.151,5.87,56.0,OOS
4h_OOS,DualMomentum_30_90,58,93.9,94.4,1.72,1.47,-23.7,29.3,1.344,2.71,37.5,OOS
4h_OOS,Supertrend_10_3_LO,24,93.8,94.3,1.62,1.71,-33.4,45.8,3.438,2.61,54.2,OOS
4h_OOS,SMA_50_200_LO,6,90.1,90.5,1.51,1.45,-42.1,33.3,17.302,5.02,54.3,OOS
4h_OOS,Mom_ROC_90_LO,36,82.9,83.3,1.44,1.4,-40.7,30.6,2.221,2.54,54.4,OOS
4h_OOS,BuyAndHold,1,89.2,89.6,1.3,1.69,-51.6,100.0,89.196,999.0,100.0,OOS
4h_OOS,Supertrend_10_3,47,81.0,81.4,1.26,1.72,-29.3,40.4,1.709,1.77,100.0,OOS
4h_OOS,Turtle_20_10_LO,27,55.5,55.7,1.23,1.08,-32.0,33.3,2.195,1.87,43.2,OOS
4h_OOS,SMA_50_200,12,66.7,67.0,1.14,1.39,-43.5,41.7,7.769,2.69,90.9,OOS
4h_OOS,Turtle_20_10,72,60.8,61.1,1.07,1.42,-46.5,37.5,0.974,1.47,98.4,OOS
4h_OOS,Mom_ROC_90,72,55.7,56.0,1.02,1.29,-37.9,30.6,0.942,1.61,95.9,OOS
4h_OOS,Trend_Plus_Dip,7,17.4,17.5,0.99,0.4,-8.4,28.6,2.721,2.51,6.6,OOS
4h_OOS,Keltner_BO_LO,14,36.8,37.0,0.87,0.85,-53.4,42.9,3.304,1.82,54.1,OOS
4h_OOS,BuyTheDip_Connors,16,7.8,7.9,0.51,0.16,-12.8,68.8,0.553,1.53,4.1,OOS
4h_OOS,Donchian_Volume,30,0.8,0.8,0.3,0.32,-57.3,36.7,0.661,1.17,75.9,OOS
4h_OOS,Turtle_55_20,40,-11.7,-11.8,0.12,0.15,-58.3,37.5,0.222,1.06,97.3,OOS
4h_OOS,RSI_30_70,31,-63.2,-63.3,-1.01,-0.8,-78.1,58.1,-2.622,0.41,41.5,OOS
4h_OOS,LarryWilliams_VBO,379,-38.6,-38.7,-1.33,-1.09,-40.6,30.9,-0.113,0.79,20.0,OOS
4h_OOS,USSession_EMA50,398,-53.0,-53.2,-1.81,-1.37,-54.8,41.7,-0.172,0.75,33.3,OOS
1D_IS,DualMomentum_30_90,16,619.4,168.8,2.0,1.9,-41.8,50.0,21.37,11.14,35.9,IS
1D_IS,Mom_ROC_90,22,943.7,223.8,1.87,2.54,-68.1,36.4,27.247,12.41,87.7,IS
1D_IS,Turtle_20_10_LO,8,425.5,129.6,1.78,1.76,-41.0,75.0,26.113,16.65,43.0,IS
1D_IS,Mom_ROC_90_LO,11,584.7,162.2,1.67,1.8,-64.3,45.5,49.744,21.36,51.1,IS
1D_IS,Weekend_Effect,105,321.5,105.6,1.45,1.52,-57.4,59.0,1.7,1.75,57.3,IS
1D_IS,SMA_50_200,2,344.0,111.0,1.32,1.67,-79.3,100.0,125.864,999.0,72.7,IS
1D_IS,EMA200_filter,9,306.8,102.0,1.29,1.47,-71.9,11.1,69.152,10.97,57.9,IS
1D_IS,RSI_30_70,9,-91.7,-71.2,1.2,4.58,-100.0,33.3,-14.979,0.3,32.7,IS
1D_IS,BuyAndHold,1,283.3,96.0,1.19,1.7,-82.9,100.0,283.283,999.0,100.0,IS
1D_IS,SMA_50_200_LO,1,207.2,75.5,1.16,1.09,-64.4,100.0,207.19,999.0,34.9,IS
1D_IS,Turtle_55_20,12,234.6,83.1,1.16,1.43,-67.8,50.0,18.641,3.43,91.9,IS
1D_IS,Supertrend_10_3_LO,11,151.1,58.6,1.07,1.08,-60.9,45.5,13.541,3.06,45.9,IS
1D_IS,Trend_Plus_Dip,4,89.8,37.9,1.06,0.57,-23.5,50.0,22.21,4.85,7.3,IS
1D_IS,Turtle_20_10,27,58.9,26.1,0.71,0.89,-72.9,51.9,5.17,1.72,95.9,IS
1D_IS,BuyTheDip_Connors,11,41.4,19.0,0.62,0.26,-31.6,72.7,3.783,2.29,9.2,IS
1D_IS,LarryWilliams_VBO,126,40.7,18.7,0.62,0.47,-30.8,55.6,0.393,1.28,22.2,IS
1D_IS,Donchian_Volume,11,8.6,4.2,0.48,0.52,-79.5,45.5,8.84,1.73,76.6,IS
1D_IS,Keltner_BO_LO,6,16.9,8.2,0.46,0.45,-77.3,50.0,5.992,1.65,46.4,IS
1D_IS,Supertrend_10_3,21,-3.1,-1.6,0.42,0.57,-56.7,42.9,3.977,1.41,99.9,IS
1D_IS,USSession_EMA50,0,0.0,0.0,0.0,0.0,0.0,0.0,0.0,0.0,0.0,IS
1D_OOS,Mom_ROC_90,4,201.5,202.7,2.14,2.64,-26.8,75.0,41.701,45.48,75.3,OOS
1D_OOS,Donchian_Volume,3,142.1,142.8,1.85,1.83,-33.3,66.7,46.682,16.93,61.4,OOS
1D_OOS,Mom_ROC_90_LO,2,133.7,134.4,1.81,1.88,-26.8,50.0,69.544,38.09,47.4,OOS
1D_OOS,DualMomentum_30_90,9,70.9,71.2,1.28,1.18,-44.3,11.1,12.329,4.17,35.6,OOS
1D_OOS,Turtle_20_10_LO,4,65.4,65.7,1.26,1.18,-36.4,50.0,19.833,4.87,41.6,OOS
1D_OOS,Supertrend_10_3_LO,4,70.1,70.4,1.23,1.43,-42.6,25.0,32.16,3.97,63.0,OOS
1D_OOS,Keltner_BO_LO,2,71.5,71.9,1.21,1.37,-47.0,50.0,47.231,5.72,66.6,OOS
1D_OOS,BuyAndHold,1,81.7,82.1,1.21,1.8,-48.2,100.0,81.74,999.0,100.0,OOS
1D_OOS,EMA200_filter,6,68.9,69.2,1.17,1.33,-35.2,16.7,15.367,4.89,66.3,OOS
1D_OOS,Turtle_20_10,11,67.2,67.5,1.12,1.43,-40.4,45.5,7.776,2.57,86.8,OOS
1D_OOS,Supertrend_10_3,8,55.1,55.3,0.99,1.39,-50.7,37.5,15.23,2.83,99.7,OOS
1D_OOS,Turtle_55_20,6,22.7,22.8,0.64,0.74,-61.6,50.0,9.089,2.01,75.1,OOS
1D_OOS,Weekend_Effect,52,15.6,15.7,0.54,0.62,-44.3,51.9,0.573,1.24,57.0,OOS
1D_OOS,SMA_50_200,2,7.5,7.5,0.38,0.37,-38.2,50.0,5.083,1.85,45.5,OOS
1D_OOS,Trend_Plus_Dip,0,0.0,0.0,0.0,0.0,0.0,0.0,0.0,0.0,0.0,OOS
1D_OOS,USSession_EMA50,0,0.0,0.0,0.0,0.0,0.0,0.0,0.0,0.0,0.0,OOS
1D_OOS,RSI_30_70,5,-53.9,-54.0,-0.06,-0.06,-79.1,60.0,-10.124,0.13,43.8,OOS
1D_OOS,LarryWilliams_VBO,58,-8.7,-8.7,-0.08,-0.06,-23.7,29.3,-0.058,0.96,18.6,OOS
1D_OOS,SMA_50_200_LO,1,-12.0,-12.0,-0.2,-0.16,-38.2,0.0,-11.965,0.0,27.1,OOS
1D_OOS,BuyTheDip_Connors,3,-4.3,-4.3,-0.2,-0.09,-23.2,66.7,-0.964,0.8,7.7,OOS
